<?xml version="1.0" encoding="UTF-8" ?>
<Project>
    <ProjectInfo gkxmlVersion="1.2">
        <Title>yingtaidasha</Title>
    </ProjectInfo>
    <Building sourceType="GPL" northAxis="0.000000">
        <EarthReferenceSystem type="WGS84">
            <altitudeMode>relativeToGround</altitudeMode>
            <Location>
                <longitude>30</longitude>
                <latitude>119</latitude>
                <altitude>0</altitude>
            </Location>
            <Orientation>
                <heading>0</heading>
                <tilt>0.0</tilt>
                <roll>0.0</roll>
            </Orientation>
        </EarthReferenceSystem>
        <ExportOptions>
            <Item name="floorMerge" value="false" />
            <Item name="wallMerge" value="true">
                <MergeObjectTypes>WALL,CEILING,COLUMN,SLAB,SPACE,DOOR,WINDOW,STAIR,ELEVATOR,FACILITY</MergeObjectTypes>
            </Item>
        </ExportOptions>
        <Unit>centimeter</Unit>
        <DefaultBuilding>false</DefaultBuilding>
        <DefaultFloor>0</DefaultFloor>
        <Floors>
            <Floor id="0" name="B1" baseFloor="-1" groupID="0" isMain="True">
                <FileSource name=".\yingtaidasha_B1_0.sbm" type="SBM" />
                <BoundingBox minimum="778.456360, -310.000000, -7819.618164" maximum="7098.941895, 0.000000, 174.381897" />
            </Floor>
            <Floor id="1" name="1F" baseFloor="1" groupID="1" isMain="True">
                <FileSource name=".\yingtaidasha_1F_1.sbm" type="SBM" />
                <BoundingBox minimum="-1275.000000, -310.000000, -8607.236328" maximum="7710.151855, 4275.811035, 1784.999878" />
            </Floor>
            <Floor id="2" name="2F" baseFloor="2" groupID="2" isMain="True">
                <FileSource name=".\yingtaidasha_2F_2.sbm" type="SBM" />
                <BoundingBox minimum="-382.500000, -4.500000, -6065.316406" maximum="5711.432129, 1200.000000, 6.060000" />
            </Floor>
            <Floor id="3" name="3F" baseFloor="3" groupID="3" isMain="True">
                <FileSource name=".\yingtaidasha_3F_3.sbm" type="SBM" />
                <BoundingBox minimum="-178.500000, -4.500000, -5797.074219" maximum="5737.566895, 1800.000000, 6.060000" />
            </Floor>
            <Floor id="4" name="4F" baseFloor="4" groupID="4" isMain="True">
                <FileSource name=".\yingtaidasha_4F_4.sbm" type="SBM" />
                <BoundingBox minimum="-107.099998, -2.400000, -5770.369141" maximum="5711.119141, 2400.000000, 6.060000" />
            </Floor>
            <Floor id="5" name="5F" baseFloor="5" groupID="5" isMain="True">
                <FileSource name=".\yingtaidasha_5F_5.sbm" type="SBM" />
                <BoundingBox minimum="-107.099998, -2.400000, -5769.544922" maximum="5712.249023, 2640.000000, 6.060000" />
            </Floor>
            <Floor id="6" name="6F" baseFloor="6" groupID="6" isMain="True">
                <FileSource name=".\yingtaidasha_6F_6.sbm" type="SBM" />
                <BoundingBox minimum="-107.099998, -2.400000, -5769.544922" maximum="5712.249023, 3060.000000, 6.060000" />
            </Floor>
            <Floor id="7" name="7F" baseFloor="7" groupID="7" isMain="True">
                <FileSource name=".\yingtaidasha_7F_7.sbm" type="SBM" />
                <BoundingBox minimum="-107.099998, -2.400000, -5769.544922" maximum="5712.249023, 3480.000000, 6.060000" />
            </Floor>
            <Floor id="8" name="8F" baseFloor="8" groupID="8" isMain="True">
                <FileSource name=".\yingtaidasha_8F_8.sbm" type="SBM" />
                <BoundingBox minimum="-107.099998, -2.400000, -5769.544922" maximum="5712.249023, 3900.000000, 6.060000" />
            </Floor>
            <Floor id="9" name="9F" baseFloor="9" groupID="9" isMain="True">
                <FileSource name=".\yingtaidasha_9F_9.sbm" type="SBM" />
                <BoundingBox minimum="-107.099998, -2.400000, -5769.544922" maximum="5712.249023, 4320.000000, 6.060000" />
            </Floor>
            <Floor id="10" name="10F" baseFloor="10" groupID="10" isMain="True">
                <FileSource name=".\yingtaidasha_10F_10.sbm" type="SBM" />
                <BoundingBox minimum="-107.099998, -2.400000, -5769.544922" maximum="5712.249023, 4740.000000, 6.060000" />
            </Floor>
            <Floor id="11" name="11F" baseFloor="11" groupID="11" isMain="True">
                <FileSource name=".\yingtaidasha_11F_11.sbm" type="SBM" />
                <BoundingBox minimum="-107.099998, -2.400000, -5769.544922" maximum="5712.249023, 5160.000000, 6.060000" />
            </Floor>
            <Floor id="12" name="12F" baseFloor="12" groupID="12" isMain="True">
                <FileSource name=".\yingtaidasha_12F_12.sbm" type="SBM" />
                <BoundingBox minimum="-107.099998, -2.400000, -5769.544922" maximum="5712.249023, 5580.000000, 6.060000" />
            </Floor>
            <Floor id="13" name="13F" baseFloor="13" groupID="13" isMain="True">
                <FileSource name=".\yingtaidasha_13F_13.sbm" type="SBM" />
                <BoundingBox minimum="-107.099998, -2.400000, -5769.544922" maximum="5712.249023, 6000.000000, 6.060000" />
            </Floor>
            <Floor id="14" name="14F" baseFloor="14" groupID="14" isMain="True">
                <FileSource name=".\yingtaidasha_14F_14.sbm" type="SBM" />
                <BoundingBox minimum="-107.099998, -2.400000, -5769.544922" maximum="5712.249023, 6420.000000, 6.060000" />
            </Floor>
            <Floor id="15" name="15F" baseFloor="15" groupID="15" isMain="True">
                <FileSource name=".\yingtaidasha_15F_15.sbm" type="SBM" />
                <BoundingBox minimum="-1272.619751, -377.599487, -5769.544922" maximum="5712.249023, 6840.000000, 612.000061" />
            </Floor>
            <Floor id="16" name="16F" baseFloor="16" groupID="16" isMain="True">
                <FileSource name=".\yingtaidasha_16F_16.sbm" type="SBM" />
                <BoundingBox minimum="-107.099998, -2.400000, -5769.544922" maximum="5712.249023, 7100.000000, 6.060000" />
            </Floor>
            <Floor id="17" name="17F" baseFloor="17" groupID="17" isMain="True">
                <FileSource name=".\yingtaidasha_17F_17.sbm" type="SBM" />
                <BoundingBox minimum="-107.099998, -2.400000, -5769.544922" maximum="5712.249023, 7520.000000, 6.060000" />
            </Floor>
            <Floor id="18" name="18F" baseFloor="18" groupID="18" isMain="True">
                <FileSource name=".\yingtaidasha_18F_18.sbm" type="SBM" />
                <BoundingBox minimum="-107.099998, -2.400000, -5769.544922" maximum="5712.249023, 7940.000000, 6.060000" />
            </Floor>
            <Floor id="19" name="19F" baseFloor="19" groupID="19" isMain="True">
                <FileSource name=".\yingtaidasha_19F_19.sbm" type="SBM" />
                <BoundingBox minimum="-107.099998, -2.400000, -5769.544922" maximum="5712.249023, 8360.000000, 6.060000" />
            </Floor>
            <Floor id="20" name="20F" baseFloor="20" groupID="20" isMain="True">
                <FileSource name=".\yingtaidasha_20F_20.sbm" type="SBM" />
                <BoundingBox minimum="-107.099998, -2.400000, -5769.333984" maximum="5713.089355, 8780.000000, 6.060000" />
            </Floor>
            <Floor id="21" name="21F" baseFloor="21" groupID="21" isMain="True">
                <FileSource name=".\yingtaidasha_21F_21.sbm" type="SBM" />
                <BoundingBox minimum="-107.099998, -2.400000, -5769.349121" maximum="5713.082031, 9200.000000, 6.060000" />
            </Floor>
            <Floor id="22" name="22F" baseFloor="22" groupID="22" isMain="True">
                <FileSource name=".\yingtaidasha_22F_22.sbm" type="SBM" />
                <BoundingBox minimum="-84.839996, -2.100000, -5769.349121" maximum="5713.082031, 9630.000000, 6.060000" />
            </Floor>
        </Floors>
        <SpaceInfo>
            <Floor id="0" name="B1" longname="1461227370" baseFloor="-1" level="-310.000000" />
            <Floor id="1" name="1F" longname="1090333235" baseFloor="1" level="0.000000" />
            <Floor id="2" name="2F" longname="144730537" baseFloor="2" level="600.000000" />
            <Floor id="3" name="3F" longname="1211769144" baseFloor="3" level="1200.000000" />
            <Floor id="4" name="4F" longname="895242690" baseFloor="4" level="1800.000000" />
            <Floor id="5" name="5F" longname="114981971" baseFloor="5" level="2220.000000" />
            <Floor id="6" name="6F" longname="1168292703" baseFloor="6" level="2640.000000" />
            <Floor id="7" name="7F" longname="694313756" baseFloor="7" level="3060.000000" />
            <Floor id="8" name="8F" longname="2091379852" baseFloor="8" level="3480.000000" />
            <Floor id="9" name="9F" longname="1886834562" baseFloor="9" level="3900.000000" />
            <Floor id="10" name="10F" longname="1998948265" baseFloor="10" level="4320.000000" />
            <Floor id="11" name="11F" longname="186804721" baseFloor="11" level="4740.000000" />
            <Floor id="12" name="12F" longname="1915453825" baseFloor="12" level="5160.000000" />
            <Floor id="13" name="13F" longname="1266499180" baseFloor="13" level="5580.000000" />
            <Floor id="14" name="14F" longname="4831478" baseFloor="14" level="6000.000000" />
            <Floor id="15" name="15F" longname="1481696217" baseFloor="15" level="6420.000000" />
            <Floor id="16" name="16F" longname="1769435507" baseFloor="16" level="6680.000000" />
            <Floor id="17" name="17F" longname="111423391" baseFloor="17" level="7100.000000" />
            <Floor id="18" name="18F" longname="1482354473" baseFloor="18" level="7520.000000" />
            <Floor id="19" name="19F" longname="2072790818" baseFloor="19" level="7940.000000" />
            <Floor id="20" name="20F" longname="627886687" baseFloor="20" level="8360.000000" />
            <Floor id="21" name="21F" longname="1323589989" baseFloor="21" level="8780.000000" />
            <Floor id="22" name="22F" longname="973893569" baseFloor="22" level="9200.000000" />
        </SpaceInfo>
        <ObjectHierarchy>
            <Entity id="0" name="B1" type="Floor" longname="1461227370">
                <Entity id="28" name="MERGED_0_LIBENT0_0" longname="" type="MERGED" visible="True" />
                <Entity id="27" name="MERGED_0_LIBENT10_0" longname="" type="MERGED" visible="True" />
                <Entity id="26" name="MERGED_0_LIBENT11_0" longname="" type="MERGED" visible="True" />
                <Entity id="24" name="MERGED_0_LIBENT1_0" longname="" type="MERGED" visible="True" />
                <Entity id="25" name="MERGED_0_LIBENT2_0" longname="" type="MERGED" visible="True" />
                <Entity id="23" name="MERGED_0_LIBENT3_0" longname="" type="MERGED" visible="True" />
                <Entity id="33" name="MERGED_0_LIBENT52_0" longname="" type="MERGED" visible="True" />
                <Entity id="31" name="MERGED_0_LIBENT53_0" longname="" type="MERGED" visible="True" />
                <Entity id="32" name="MERGED_0_LIBENT54_0" longname="" type="MERGED" visible="True" />
                <Entity id="30" name="MERGED_0_LIBENT55_0" longname="" type="MERGED" visible="True" />
                <Entity id="29" name="MERGED_0_LIBENT7_0" longname="" type="MERGED" visible="True" />
            </Entity>
            <Entity id="1" name="1F" type="Floor" longname="1090333235">
                <Entity id="55" name="MERGED_1_InforR/InforR_0" longname="" type="MERGED" visible="True" />
                <Entity id="35" name="MERGED_1_LIBENT0_0" longname="" type="MERGED" visible="True" />
                <Entity id="34" name="MERGED_1_LIBENT10_0" longname="" type="MERGED" visible="True" />
                <Entity id="33" name="MERGED_1_LIBENT11_0" longname="" type="MERGED" visible="True" />
                <Entity id="36" name="MERGED_1_LIBENT12_0" longname="" type="MERGED" visible="True" />
                <Entity id="50" name="MERGED_1_LIBENT15_0" longname="" type="MERGED" visible="True" />
                <Entity id="26" name="MERGED_1_LIBENT16_0" longname="" type="MERGED" visible="True" />
                <Entity id="31" name="MERGED_1_LIBENT17_0" longname="" type="MERGED" visible="True" />
                <Entity id="32" name="MERGED_1_LIBENT18_0" longname="" type="MERGED" visible="True" />
                <Entity id="25" name="MERGED_1_LIBENT1_0" longname="" type="MERGED" visible="True" />
                <Entity id="45" name="MERGED_1_LIBENT20_0" longname="" type="MERGED" visible="True" />
                <Entity id="46" name="MERGED_1_LIBENT22_0" longname="" type="MERGED" visible="True" />
                <Entity id="47" name="MERGED_1_LIBENT23_0" longname="" type="MERGED" visible="True" />
                <Entity id="49" name="MERGED_1_LIBENT25_0" longname="" type="MERGED" visible="True" />
                <Entity id="29" name="MERGED_1_LIBENT26_0" longname="" type="MERGED" visible="True" />
                <Entity id="24" name="MERGED_1_LIBENT28_0" longname="" type="MERGED" visible="True" />
                <Entity id="30" name="MERGED_1_LIBENT29_0" longname="" type="MERGED" visible="True" />
                <Entity id="23" name="MERGED_1_LIBENT2_0" longname="" type="MERGED" visible="True" />
                <Entity id="44" name="MERGED_1_LIBENT30_0" longname="" type="MERGED" visible="True" />
                <Entity id="27" name="MERGED_1_LIBENT3_0" longname="" type="MERGED" visible="True" />
                <Entity id="48" name="MERGED_1_LIBENT41_0" longname="" type="MERGED" visible="True" />
                <Entity id="40" name="MERGED_1_LIBENT44_0" longname="" type="MERGED" visible="True" />
                <Entity id="51" name="MERGED_1_LIBENT45_0" longname="" type="MERGED" visible="True" />
                <Entity id="53" name="MERGED_1_LIBENT46_0" longname="" type="MERGED" visible="True" />
                <Entity id="41" name="MERGED_1_LIBENT47_0" longname="" type="MERGED" visible="True" />
                <Entity id="52" name="MERGED_1_LIBENT48_0" longname="" type="MERGED" visible="True" />
                <Entity id="43" name="MERGED_1_LIBENT49_0" longname="" type="MERGED" visible="True" />
                <Entity id="38" name="MERGED_1_LIBENT4_0" longname="" type="MERGED" visible="True" />
                <Entity id="28" name="MERGED_1_LIBENT51_0" longname="" type="MERGED" visible="True" />
                <Entity id="39" name="MERGED_1_LIBENT5_0" longname="" type="MERGED" visible="True" />
                <Entity id="42" name="MERGED_1_LIBENT7_0" longname="" type="MERGED" visible="True" />
                <Entity id="37" name="MERGED_1_LIBENT9_0" longname="" type="MERGED" visible="True" />
                <Entity id="54" name="MERGED_1_carstop_t01/carstop_t01_0" longname="" type="MERGED" visible="True" />
            </Entity>
            <Entity id="2" name="2F" type="Floor" longname="144730537">
                <Entity id="31" name="MERGED_2_LIBENT0_0" longname="" type="MERGED" visible="True" />
                <Entity id="30" name="MERGED_2_LIBENT10_0" longname="" type="MERGED" visible="True" />
                <Entity id="29" name="MERGED_2_LIBENT11_0" longname="" type="MERGED" visible="True" />
                <Entity id="32" name="MERGED_2_LIBENT12_0" longname="" type="MERGED" visible="True" />
                <Entity id="23" name="MERGED_2_LIBENT16_0" longname="" type="MERGED" visible="True" />
                <Entity id="36" name="MERGED_2_LIBENT18_0" longname="" type="MERGED" visible="True" />
                <Entity id="24" name="MERGED_2_LIBENT1_0" longname="" type="MERGED" visible="True" />
                <Entity id="41" name="MERGED_2_LIBENT23_0" longname="" type="MERGED" visible="True" />
                <Entity id="43" name="MERGED_2_LIBENT25_0" longname="" type="MERGED" visible="True" />
                <Entity id="39" name="MERGED_2_LIBENT27_0" longname="" type="MERGED" visible="True" />
                <Entity id="27" name="MERGED_2_LIBENT28_0" longname="" type="MERGED" visible="True" />
                <Entity id="28" name="MERGED_2_LIBENT29_0" longname="" type="MERGED" visible="True" />
                <Entity id="25" name="MERGED_2_LIBENT2_0" longname="" type="MERGED" visible="True" />
                <Entity id="38" name="MERGED_2_LIBENT31_0" longname="" type="MERGED" visible="True" />
                <Entity id="44" name="MERGED_2_LIBENT32_0" longname="" type="MERGED" visible="True" />
                <Entity id="40" name="MERGED_2_LIBENT38_0" longname="" type="MERGED" visible="True" />
                <Entity id="42" name="MERGED_2_LIBENT39_0" longname="" type="MERGED" visible="True" />
                <Entity id="26" name="MERGED_2_LIBENT3_0" longname="" type="MERGED" visible="True" />
                <Entity id="34" name="MERGED_2_LIBENT4_0" longname="" type="MERGED" visible="True" />
                <Entity id="35" name="MERGED_2_LIBENT5_0" longname="" type="MERGED" visible="True" />
                <Entity id="37" name="MERGED_2_LIBENT7_0" longname="" type="MERGED" visible="True" />
                <Entity id="33" name="MERGED_2_LIBENT9_0" longname="" type="MERGED" visible="True" />
            </Entity>
            <Entity id="3" name="3F" type="Floor" longname="1211769144">
                <Entity id="29" name="MERGED_3_LIBENT0_0" longname="" type="MERGED" visible="True" />
                <Entity id="28" name="MERGED_3_LIBENT10_0" longname="" type="MERGED" visible="True" />
                <Entity id="27" name="MERGED_3_LIBENT11_0" longname="" type="MERGED" visible="True" />
                <Entity id="30" name="MERGED_3_LIBENT12_0" longname="" type="MERGED" visible="True" />
                <Entity id="23" name="MERGED_3_LIBENT16_0" longname="" type="MERGED" visible="True" />
                <Entity id="34" name="MERGED_3_LIBENT18_0" longname="" type="MERGED" visible="True" />
                <Entity id="24" name="MERGED_3_LIBENT1_0" longname="" type="MERGED" visible="True" />
                <Entity id="37" name="MERGED_3_LIBENT23_0" longname="" type="MERGED" visible="True" />
                <Entity id="36" name="MERGED_3_LIBENT25_0" longname="" type="MERGED" visible="True" />
                <Entity id="26" name="MERGED_3_LIBENT2_0" longname="" type="MERGED" visible="True" />
                <Entity id="25" name="MERGED_3_LIBENT3_0" longname="" type="MERGED" visible="True" />
                <Entity id="32" name="MERGED_3_LIBENT4_0" longname="" type="MERGED" visible="True" />
                <Entity id="33" name="MERGED_3_LIBENT5_0" longname="" type="MERGED" visible="True" />
                <Entity id="35" name="MERGED_3_LIBENT7_0" longname="" type="MERGED" visible="True" />
                <Entity id="31" name="MERGED_3_LIBENT9_0" longname="" type="MERGED" visible="True" />
            </Entity>
            <Entity id="4" name="4F" type="Floor" longname="895242690">
                <Entity id="30" name="MERGED_4_LIBENT0_0" longname="" type="MERGED" visible="True" />
                <Entity id="29" name="MERGED_4_LIBENT10_0" longname="" type="MERGED" visible="True" />
                <Entity id="28" name="MERGED_4_LIBENT11_0" longname="" type="MERGED" visible="True" />
                <Entity id="31" name="MERGED_4_LIBENT12_0" longname="" type="MERGED" visible="True" />
                <Entity id="23" name="MERGED_4_LIBENT1_0" longname="" type="MERGED" visible="True" />
                <Entity id="38" name="MERGED_4_LIBENT24_0" longname="" type="MERGED" visible="True" />
                <Entity id="37" name="MERGED_4_LIBENT25_0" longname="" type="MERGED" visible="True" />
                <Entity id="27" name="MERGED_4_LIBENT26_0" longname="" type="MERGED" visible="True" />
                <Entity id="25" name="MERGED_4_LIBENT2_0" longname="" type="MERGED" visible="True" />
                <Entity id="26" name="MERGED_4_LIBENT35_0" longname="" type="MERGED" visible="True" />
                <Entity id="24" name="MERGED_4_LIBENT3_0" longname="" type="MERGED" visible="True" />
                <Entity id="40" name="MERGED_4_LIBENT40_0" longname="" type="MERGED" visible="True" />
                <Entity id="39" name="MERGED_4_LIBENT42_0" longname="" type="MERGED" visible="True" />
                <Entity id="36" name="MERGED_4_LIBENT43_0" longname="" type="MERGED" visible="True" />
                <Entity id="33" name="MERGED_4_LIBENT4_0" longname="" type="MERGED" visible="True" />
                <Entity id="34" name="MERGED_4_LIBENT5_0" longname="" type="MERGED" visible="True" />
                <Entity id="35" name="MERGED_4_LIBENT7_0" longname="" type="MERGED" visible="True" />
                <Entity id="32" name="MERGED_4_LIBENT9_0" longname="" type="MERGED" visible="True" />
            </Entity>
            <Entity id="5" name="5F" type="Floor" longname="114981971">
                <Entity id="30" name="MERGED_5_LIBENT0_0" longname="" type="MERGED" visible="True" />
                <Entity id="29" name="MERGED_5_LIBENT10_0" longname="" type="MERGED" visible="True" />
                <Entity id="28" name="MERGED_5_LIBENT11_0" longname="" type="MERGED" visible="True" />
                <Entity id="31" name="MERGED_5_LIBENT12_0" longname="" type="MERGED" visible="True" />
                <Entity id="24" name="MERGED_5_LIBENT1_0" longname="" type="MERGED" visible="True" />
                <Entity id="25" name="MERGED_5_LIBENT26_0" longname="" type="MERGED" visible="True" />
                <Entity id="23" name="MERGED_5_LIBENT2_0" longname="" type="MERGED" visible="True" />
                <Entity id="26" name="MERGED_5_LIBENT35_0" longname="" type="MERGED" visible="True" />
                <Entity id="27" name="MERGED_5_LIBENT3_0" longname="" type="MERGED" visible="True" />
                <Entity id="33" name="MERGED_5_LIBENT4_0" longname="" type="MERGED" visible="True" />
                <Entity id="34" name="MERGED_5_LIBENT5_0" longname="" type="MERGED" visible="True" />
                <Entity id="35" name="MERGED_5_LIBENT7_0" longname="" type="MERGED" visible="True" />
                <Entity id="32" name="MERGED_5_LIBENT9_0" longname="" type="MERGED" visible="True" />
            </Entity>
            <Entity id="6" name="6F" type="Floor" longname="1168292703">
                <Entity id="30" name="MERGED_6_LIBENT0_0" longname="" type="MERGED" visible="True" />
                <Entity id="29" name="MERGED_6_LIBENT10_0" longname="" type="MERGED" visible="True" />
                <Entity id="28" name="MERGED_6_LIBENT11_0" longname="" type="MERGED" visible="True" />
                <Entity id="31" name="MERGED_6_LIBENT12_0" longname="" type="MERGED" visible="True" />
                <Entity id="23" name="MERGED_6_LIBENT1_0" longname="" type="MERGED" visible="True" />
                <Entity id="27" name="MERGED_6_LIBENT26_0" longname="" type="MERGED" visible="True" />
                <Entity id="24" name="MERGED_6_LIBENT2_0" longname="" type="MERGED" visible="True" />
                <Entity id="25" name="MERGED_6_LIBENT35_0" longname="" type="MERGED" visible="True" />
                <Entity id="26" name="MERGED_6_LIBENT3_0" longname="" type="MERGED" visible="True" />
                <Entity id="33" name="MERGED_6_LIBENT4_0" longname="" type="MERGED" visible="True" />
                <Entity id="34" name="MERGED_6_LIBENT5_0" longname="" type="MERGED" visible="True" />
                <Entity id="35" name="MERGED_6_LIBENT7_0" longname="" type="MERGED" visible="True" />
                <Entity id="32" name="MERGED_6_LIBENT9_0" longname="" type="MERGED" visible="True" />
            </Entity>
            <Entity id="7" name="7F" type="Floor" longname="694313756">
                <Entity id="30" name="MERGED_7_LIBENT0_0" longname="" type="MERGED" visible="True" />
                <Entity id="29" name="MERGED_7_LIBENT10_0" longname="" type="MERGED" visible="True" />
                <Entity id="28" name="MERGED_7_LIBENT11_0" longname="" type="MERGED" visible="True" />
                <Entity id="31" name="MERGED_7_LIBENT12_0" longname="" type="MERGED" visible="True" />
                <Entity id="24" name="MERGED_7_LIBENT1_0" longname="" type="MERGED" visible="True" />
                <Entity id="27" name="MERGED_7_LIBENT26_0" longname="" type="MERGED" visible="True" />
                <Entity id="23" name="MERGED_7_LIBENT2_0" longname="" type="MERGED" visible="True" />
                <Entity id="25" name="MERGED_7_LIBENT35_0" longname="" type="MERGED" visible="True" />
                <Entity id="26" name="MERGED_7_LIBENT3_0" longname="" type="MERGED" visible="True" />
                <Entity id="33" name="MERGED_7_LIBENT4_0" longname="" type="MERGED" visible="True" />
                <Entity id="34" name="MERGED_7_LIBENT5_0" longname="" type="MERGED" visible="True" />
                <Entity id="35" name="MERGED_7_LIBENT7_0" longname="" type="MERGED" visible="True" />
                <Entity id="32" name="MERGED_7_LIBENT9_0" longname="" type="MERGED" visible="True" />
            </Entity>
            <Entity id="8" name="8F" type="Floor" longname="2091379852">
                <Entity id="30" name="MERGED_8_LIBENT0_0" longname="" type="MERGED" visible="True" />
                <Entity id="29" name="MERGED_8_LIBENT10_0" longname="" type="MERGED" visible="True" />
                <Entity id="28" name="MERGED_8_LIBENT11_0" longname="" type="MERGED" visible="True" />
                <Entity id="31" name="MERGED_8_LIBENT12_0" longname="" type="MERGED" visible="True" />
                <Entity id="25" name="MERGED_8_LIBENT1_0" longname="" type="MERGED" visible="True" />
                <Entity id="26" name="MERGED_8_LIBENT26_0" longname="" type="MERGED" visible="True" />
                <Entity id="23" name="MERGED_8_LIBENT2_0" longname="" type="MERGED" visible="True" />
                <Entity id="24" name="MERGED_8_LIBENT35_0" longname="" type="MERGED" visible="True" />
                <Entity id="27" name="MERGED_8_LIBENT3_0" longname="" type="MERGED" visible="True" />
                <Entity id="33" name="MERGED_8_LIBENT4_0" longname="" type="MERGED" visible="True" />
                <Entity id="34" name="MERGED_8_LIBENT5_0" longname="" type="MERGED" visible="True" />
                <Entity id="35" name="MERGED_8_LIBENT7_0" longname="" type="MERGED" visible="True" />
                <Entity id="32" name="MERGED_8_LIBENT9_0" longname="" type="MERGED" visible="True" />
            </Entity>
            <Entity id="9" name="9F" type="Floor" longname="1886834562">
                <Entity id="30" name="MERGED_9_LIBENT0_0" longname="" type="MERGED" visible="True" />
                <Entity id="29" name="MERGED_9_LIBENT10_0" longname="" type="MERGED" visible="True" />
                <Entity id="28" name="MERGED_9_LIBENT11_0" longname="" type="MERGED" visible="True" />
                <Entity id="31" name="MERGED_9_LIBENT12_0" longname="" type="MERGED" visible="True" />
                <Entity id="25" name="MERGED_9_LIBENT1_0" longname="" type="MERGED" visible="True" />
                <Entity id="27" name="MERGED_9_LIBENT26_0" longname="" type="MERGED" visible="True" />
                <Entity id="23" name="MERGED_9_LIBENT2_0" longname="" type="MERGED" visible="True" />
                <Entity id="24" name="MERGED_9_LIBENT35_0" longname="" type="MERGED" visible="True" />
                <Entity id="26" name="MERGED_9_LIBENT3_0" longname="" type="MERGED" visible="True" />
                <Entity id="33" name="MERGED_9_LIBENT4_0" longname="" type="MERGED" visible="True" />
                <Entity id="34" name="MERGED_9_LIBENT5_0" longname="" type="MERGED" visible="True" />
                <Entity id="35" name="MERGED_9_LIBENT7_0" longname="" type="MERGED" visible="True" />
                <Entity id="32" name="MERGED_9_LIBENT9_0" longname="" type="MERGED" visible="True" />
            </Entity>
            <Entity id="10" name="10F" type="Floor" longname="1998948265">
                <Entity id="30" name="MERGED_10_LIBENT0_0" longname="" type="MERGED" visible="True" />
                <Entity id="29" name="MERGED_10_LIBENT10_0" longname="" type="MERGED" visible="True" />
                <Entity id="28" name="MERGED_10_LIBENT11_0" longname="" type="MERGED" visible="True" />
                <Entity id="31" name="MERGED_10_LIBENT12_0" longname="" type="MERGED" visible="True" />
                <Entity id="26" name="MERGED_10_LIBENT1_0" longname="" type="MERGED" visible="True" />
                <Entity id="27" name="MERGED_10_LIBENT26_0" longname="" type="MERGED" visible="True" />
                <Entity id="25" name="MERGED_10_LIBENT2_0" longname="" type="MERGED" visible="True" />
                <Entity id="23" name="MERGED_10_LIBENT35_0" longname="" type="MERGED" visible="True" />
                <Entity id="24" name="MERGED_10_LIBENT3_0" longname="" type="MERGED" visible="True" />
                <Entity id="33" name="MERGED_10_LIBENT4_0" longname="" type="MERGED" visible="True" />
                <Entity id="34" name="MERGED_10_LIBENT5_0" longname="" type="MERGED" visible="True" />
                <Entity id="35" name="MERGED_10_LIBENT7_0" longname="" type="MERGED" visible="True" />
                <Entity id="32" name="MERGED_10_LIBENT9_0" longname="" type="MERGED" visible="True" />
            </Entity>
            <Entity id="11" name="11F" type="Floor" longname="186804721">
                <Entity id="30" name="MERGED_11_LIBENT0_0" longname="" type="MERGED" visible="True" />
                <Entity id="29" name="MERGED_11_LIBENT10_0" longname="" type="MERGED" visible="True" />
                <Entity id="28" name="MERGED_11_LIBENT11_0" longname="" type="MERGED" visible="True" />
                <Entity id="31" name="MERGED_11_LIBENT12_0" longname="" type="MERGED" visible="True" />
                <Entity id="23" name="MERGED_11_LIBENT1_0" longname="" type="MERGED" visible="True" />
                <Entity id="27" name="MERGED_11_LIBENT26_0" longname="" type="MERGED" visible="True" />
                <Entity id="25" name="MERGED_11_LIBENT2_0" longname="" type="MERGED" visible="True" />
                <Entity id="24" name="MERGED_11_LIBENT35_0" longname="" type="MERGED" visible="True" />
                <Entity id="26" name="MERGED_11_LIBENT3_0" longname="" type="MERGED" visible="True" />
                <Entity id="33" name="MERGED_11_LIBENT4_0" longname="" type="MERGED" visible="True" />
                <Entity id="34" name="MERGED_11_LIBENT5_0" longname="" type="MERGED" visible="True" />
                <Entity id="35" name="MERGED_11_LIBENT7_0" longname="" type="MERGED" visible="True" />
                <Entity id="32" name="MERGED_11_LIBENT9_0" longname="" type="MERGED" visible="True" />
            </Entity>
            <Entity id="12" name="12F" type="Floor" longname="1915453825">
                <Entity id="30" name="MERGED_12_LIBENT0_0" longname="" type="MERGED" visible="True" />
                <Entity id="29" name="MERGED_12_LIBENT10_0" longname="" type="MERGED" visible="True" />
                <Entity id="28" name="MERGED_12_LIBENT11_0" longname="" type="MERGED" visible="True" />
                <Entity id="31" name="MERGED_12_LIBENT12_0" longname="" type="MERGED" visible="True" />
                <Entity id="24" name="MERGED_12_LIBENT1_0" longname="" type="MERGED" visible="True" />
                <Entity id="27" name="MERGED_12_LIBENT26_0" longname="" type="MERGED" visible="True" />
                <Entity id="23" name="MERGED_12_LIBENT2_0" longname="" type="MERGED" visible="True" />
                <Entity id="25" name="MERGED_12_LIBENT35_0" longname="" type="MERGED" visible="True" />
                <Entity id="26" name="MERGED_12_LIBENT3_0" longname="" type="MERGED" visible="True" />
                <Entity id="33" name="MERGED_12_LIBENT4_0" longname="" type="MERGED" visible="True" />
                <Entity id="34" name="MERGED_12_LIBENT5_0" longname="" type="MERGED" visible="True" />
                <Entity id="35" name="MERGED_12_LIBENT7_0" longname="" type="MERGED" visible="True" />
                <Entity id="32" name="MERGED_12_LIBENT9_0" longname="" type="MERGED" visible="True" />
            </Entity>
            <Entity id="13" name="13F" type="Floor" longname="1266499180">
                <Entity id="30" name="MERGED_13_LIBENT0_0" longname="" type="MERGED" visible="True" />
                <Entity id="29" name="MERGED_13_LIBENT10_0" longname="" type="MERGED" visible="True" />
                <Entity id="28" name="MERGED_13_LIBENT11_0" longname="" type="MERGED" visible="True" />
                <Entity id="31" name="MERGED_13_LIBENT12_0" longname="" type="MERGED" visible="True" />
                <Entity id="23" name="MERGED_13_LIBENT1_0" longname="" type="MERGED" visible="True" />
                <Entity id="27" name="MERGED_13_LIBENT26_0" longname="" type="MERGED" visible="True" />
                <Entity id="25" name="MERGED_13_LIBENT2_0" longname="" type="MERGED" visible="True" />
                <Entity id="24" name="MERGED_13_LIBENT35_0" longname="" type="MERGED" visible="True" />
                <Entity id="26" name="MERGED_13_LIBENT3_0" longname="" type="MERGED" visible="True" />
                <Entity id="33" name="MERGED_13_LIBENT4_0" longname="" type="MERGED" visible="True" />
                <Entity id="34" name="MERGED_13_LIBENT5_0" longname="" type="MERGED" visible="True" />
                <Entity id="35" name="MERGED_13_LIBENT7_0" longname="" type="MERGED" visible="True" />
                <Entity id="32" name="MERGED_13_LIBENT9_0" longname="" type="MERGED" visible="True" />
            </Entity>
            <Entity id="14" name="14F" type="Floor" longname="4831478">
                <Entity id="30" name="MERGED_14_LIBENT0_0" longname="" type="MERGED" visible="True" />
                <Entity id="29" name="MERGED_14_LIBENT10_0" longname="" type="MERGED" visible="True" />
                <Entity id="28" name="MERGED_14_LIBENT11_0" longname="" type="MERGED" visible="True" />
                <Entity id="31" name="MERGED_14_LIBENT12_0" longname="" type="MERGED" visible="True" />
                <Entity id="23" name="MERGED_14_LIBENT1_0" longname="" type="MERGED" visible="True" />
                <Entity id="27" name="MERGED_14_LIBENT26_0" longname="" type="MERGED" visible="True" />
                <Entity id="26" name="MERGED_14_LIBENT2_0" longname="" type="MERGED" visible="True" />
                <Entity id="25" name="MERGED_14_LIBENT35_0" longname="" type="MERGED" visible="True" />
                <Entity id="24" name="MERGED_14_LIBENT3_0" longname="" type="MERGED" visible="True" />
                <Entity id="33" name="MERGED_14_LIBENT4_0" longname="" type="MERGED" visible="True" />
                <Entity id="34" name="MERGED_14_LIBENT5_0" longname="" type="MERGED" visible="True" />
                <Entity id="35" name="MERGED_14_LIBENT7_0" longname="" type="MERGED" visible="True" />
                <Entity id="32" name="MERGED_14_LIBENT9_0" longname="" type="MERGED" visible="True" />
            </Entity>
            <Entity id="15" name="15F" type="Floor" longname="1481696217">
                <Entity id="98" name="MERGED_15_CH001/ch001sub01_0" longname="" type="MERGED" visible="True" />
                <Entity id="99" name="MERGED_15_CH001/ch001sub02_0" longname="" type="MERGED" visible="True" />
                <Entity id="85" name="MERGED_15_CH002/sub01_0" longname="" type="MERGED" visible="True" />
                <Entity id="108" name="MERGED_15_CH006/ch006sub01_0" longname="" type="MERGED" visible="True" />
                <Entity id="109" name="MERGED_15_CH006/ch006sub02_0" longname="" type="MERGED" visible="True" />
                <Entity id="110" name="MERGED_15_CH006/ch006sub03_0" longname="" type="MERGED" visible="True" />
                <Entity id="84" name="MERGED_15_CH008/ch008sub01_0" longname="" type="MERGED" visible="True" />
                <Entity id="82" name="MERGED_15_CH008/ch008sub02_0" longname="" type="MERGED" visible="True" />
                <Entity id="83" name="MERGED_15_CH008/ch008sub04_0" longname="" type="MERGED" visible="True" />
                <Entity id="94" name="MERGED_15_Ch_Sofa005/Fabric-i_Chair_0" longname="" type="MERGED" visible="True" />
                <Entity id="95" name="MERGED_15_Ch_Sofa005/Matal_Sus_0" longname="" type="MERGED" visible="True" />
                <Entity id="69" name="MERGED_15_ChairOffice_01/ChairOffice_01_01_0" longname="" type="MERGED" visible="True" />
                <Entity id="70" name="MERGED_15_ChairOffice_01/ChairOffice_01_02_0" longname="" type="MERGED" visible="True" />
                <Entity id="71" name="MERGED_15_ChairOffice_01/ChairOffice_01_03_0" longname="" type="MERGED" visible="True" />
                <Entity id="72" name="MERGED_15_ChairOffice_01/ChairOffice_01_03_1" longname="" type="MERGED" visible="True" />
                <Entity id="73" name="MERGED_15_ChairOffice_01/ChairOffice_01_03_2" longname="" type="MERGED" visible="True" />
                <Entity id="74" name="MERGED_15_ChairOffice_01/ChairOffice_01_04_0" longname="" type="MERGED" visible="True" />
                <Entity id="75" name="MERGED_15_ChairOffice_01/ChairOffice_01_04_1" longname="" type="MERGED" visible="True" />
                <Entity id="76" name="MERGED_15_ChairOffice_01/ChairOffice_01_04_2" longname="" type="MERGED" visible="True" />
                <Entity id="77" name="MERGED_15_ChairOffice_01/ChairOffice_01_04_3" longname="" type="MERGED" visible="True" />
                <Entity id="78" name="MERGED_15_ChairOffice_01/ChairOffice_01_04_4" longname="" type="MERGED" visible="True" />
                <Entity id="79" name="MERGED_15_ChairOffice_01/ChairOffice_01_04_5" longname="" type="MERGED" visible="True" />
                <Entity id="80" name="MERGED_15_ChairOffice_02/ChairOffice_02Fabric_CH_0" longname="" type="MERGED" visible="True" />
                <Entity id="81" name="MERGED_15_ChairOffice_02/ChairOffice_02Metalic_BK_0" longname="" type="MERGED" visible="True" />
                <Entity id="114" name="MERGED_15_DeskOffice_05/DeskOffice_05GrayW_0" longname="" type="MERGED" visible="True" />
                <Entity id="113" name="MERGED_15_DeskOffice_05/DeskOffice_05Gray_0" longname="" type="MERGED" visible="True" />
                <Entity id="112" name="MERGED_15_DeskOffice_05/DeskOffice_05Green_0" longname="" type="MERGED" visible="True" />
                <Entity id="100" name="MERGED_15_Desklecture01/Desklecture01_01_0" longname="" type="MERGED" visible="True" />
                <Entity id="118" name="MERGED_15_FF_Model_ID4339_3_FLCMO3CT/FF_Model_ID4339_3_FLCMO3CT11_0" longname="" type="MERGED" visible="True" />
                <Entity id="119" name="MERGED_15_FF_Model_ID4339_3_FLCMO3CT/FF_Model_ID4339_3_FLCMO3CT12_0" longname="" type="MERGED" visible="True" />
                <Entity id="120" name="MERGED_15_FF_Model_ID4339_3_FLCMO3CT/FF_Model_ID4339_3_FLCMO3CT13_0" longname="" type="MERGED" visible="True" />
                <Entity id="121" name="MERGED_15_FF_Model_ID4339_3_FLCMO3CT/FF_Model_ID4339_3_FLCMO3CT14_0" longname="" type="MERGED" visible="True" />
                <Entity id="122" name="MERGED_15_FF_Model_ID4339_3_FLCMO3CT/FF_Model_ID4339_3_FLCMO3CT15_0" longname="" type="MERGED" visible="True" />
                <Entity id="37" name="MERGED_15_LIBENT0_0" longname="" type="MERGED" visible="True" />
                <Entity id="36" name="MERGED_15_LIBENT10_0" longname="" type="MERGED" visible="True" />
                <Entity id="35" name="MERGED_15_LIBENT11_0" longname="" type="MERGED" visible="True" />
                <Entity id="39" name="MERGED_15_LIBENT12_0" longname="" type="MERGED" visible="True" />
                <Entity id="44" name="MERGED_15_LIBENT18_0" longname="" type="MERGED" visible="True" />
                <Entity id="23" name="MERGED_15_LIBENT1_0" longname="" type="MERGED" visible="True" />
                <Entity id="48" name="MERGED_15_LIBENT23_0" longname="" type="MERGED" visible="True" />
                <Entity id="26" name="MERGED_15_LIBENT26_0" longname="" type="MERGED" visible="True" />
                <Entity id="25" name="MERGED_15_LIBENT2_0" longname="" type="MERGED" visible="True" />
                <Entity id="31" name="MERGED_15_LIBENT35_0" longname="" type="MERGED" visible="True" />
                <Entity id="27" name="MERGED_15_LIBENT3_0" longname="" type="MERGED" visible="True" />
                <Entity id="28" name="MERGED_15_LIBENT3_1" longname="" type="MERGED" visible="True" />
                <Entity id="29" name="MERGED_15_LIBENT3_2" longname="" type="MERGED" visible="True" />
                <Entity id="41" name="MERGED_15_LIBENT4_0" longname="" type="MERGED" visible="True" />
                <Entity id="47" name="MERGED_15_LIBENT56_0" longname="" type="MERGED" visible="True" />
                <Entity id="56" name="MERGED_15_LIBENT57_0" longname="" type="MERGED" visible="True" />
                <Entity id="24" name="MERGED_15_LIBENT58_0" longname="" type="MERGED" visible="True" />
                <Entity id="46" name="MERGED_15_LIBENT59_0" longname="" type="MERGED" visible="True" />
                <Entity id="42" name="MERGED_15_LIBENT5_0" longname="" type="MERGED" visible="True" />
                <Entity id="51" name="MERGED_15_LIBENT60_0" longname="" type="MERGED" visible="True" />
                <Entity id="49" name="MERGED_15_LIBENT61_0" longname="" type="MERGED" visible="True" />
                <Entity id="62" name="MERGED_15_LIBENT62_0" longname="" type="MERGED" visible="True" />
                <Entity id="65" name="MERGED_15_LIBENT63_0" longname="" type="MERGED" visible="True" />
                <Entity id="64" name="MERGED_15_LIBENT64_0" longname="" type="MERGED" visible="True" />
                <Entity id="53" name="MERGED_15_LIBENT65_0" longname="" type="MERGED" visible="True" />
                <Entity id="52" name="MERGED_15_LIBENT66_0" longname="" type="MERGED" visible="True" />
                <Entity id="57" name="MERGED_15_LIBENT67_0" longname="" type="MERGED" visible="True" />
                <Entity id="60" name="MERGED_15_LIBENT68_0" longname="" type="MERGED" visible="True" />
                <Entity id="58" name="MERGED_15_LIBENT69_0" longname="" type="MERGED" visible="True" />
                <Entity id="59" name="MERGED_15_LIBENT70_0" longname="" type="MERGED" visible="True" />
                <Entity id="50" name="MERGED_15_LIBENT71_0" longname="" type="MERGED" visible="True" />
                <Entity id="61" name="MERGED_15_LIBENT72_0" longname="" type="MERGED" visible="True" />
                <Entity id="38" name="MERGED_15_LIBENT73_0" longname="" type="MERGED" visible="True" />
                <Entity id="66" name="MERGED_15_LIBENT74_0" longname="" type="MERGED" visible="True" />
                <Entity id="32" name="MERGED_15_LIBENT75_0" longname="" type="MERGED" visible="True" />
                <Entity id="63" name="MERGED_15_LIBENT76_0" longname="" type="MERGED" visible="True" />
                <Entity id="30" name="MERGED_15_LIBENT77_0" longname="" type="MERGED" visible="True" />
                <Entity id="34" name="MERGED_15_LIBENT78_0" longname="" type="MERGED" visible="True" />
                <Entity id="55" name="MERGED_15_LIBENT79_0" longname="" type="MERGED" visible="True" />
                <Entity id="43" name="MERGED_15_LIBENT7_0" longname="" type="MERGED" visible="True" />
                <Entity id="67" name="MERGED_15_LIBENT80_0" longname="" type="MERGED" visible="True" />
                <Entity id="68" name="MERGED_15_LIBENT81_0" longname="" type="MERGED" visible="True" />
                <Entity id="54" name="MERGED_15_LIBENT82_0" longname="" type="MERGED" visible="True" />
                <Entity id="33" name="MERGED_15_LIBENT83_0" longname="" type="MERGED" visible="True" />
                <Entity id="45" name="MERGED_15_LIBENT8_0" longname="" type="MERGED" visible="True" />
                <Entity id="40" name="MERGED_15_LIBENT9_0" longname="" type="MERGED" visible="True" />
                <Entity id="104" name="MERGED_15_NoteBook_Apple01/NoteBook_Apple011_0" longname="" type="MERGED" visible="True" />
                <Entity id="105" name="MERGED_15_NoteBook_Apple01/NoteBook_Apple012_0" longname="" type="MERGED" visible="True" />
                <Entity id="106" name="MERGED_15_NoteBook_Apple01/NoteBook_Apple014_0" longname="" type="MERGED" visible="True" />
                <Entity id="107" name="MERGED_15_NoteBook_Apple01/NoteBook_Apple015_0" longname="" type="MERGED" visible="True" />
                <Entity id="115" name="MERGED_15_PDP_004/Material#47_0" longname="" type="MERGED" visible="True" />
                <Entity id="87" name="MERGED_15_Plant_Potted_Fern/Plant_Potted_Fern11_0" longname="" type="MERGED" visible="True" />
                <Entity id="88" name="MERGED_15_Plant_Potted_Fern/Plant_Potted_Fern12_0" longname="" type="MERGED" visible="True" />
                <Entity id="89" name="MERGED_15_Plant_Potted_Fern/Plant_Potted_Fern13_0" longname="" type="MERGED" visible="True" />
                <Entity id="90" name="MERGED_15_Plant_Potted_Fern/Plant_Potted_Fern14_0" longname="" type="MERGED" visible="True" />
                <Entity id="91" name="MERGED_15_Plant_Potted_Fern/Plant_Potted_Fern15_0" longname="" type="MERGED" visible="True" />
                <Entity id="92" name="MERGED_15_Plant_Potted_Fern/Plant_Potted_Fern16_0" longname="" type="MERGED" visible="True" />
                <Entity id="93" name="MERGED_15_Plant_Potted_Fern/Plant_Potted_Fern17_0" longname="" type="MERGED" visible="True" />
                <Entity id="111" name="MERGED_15_RoundTable_001/Ceramic_WH_0" longname="" type="MERGED" visible="True" />
                <Entity id="116" name="MERGED_15_RoundTable_002/Ceramic-CTA_0" longname="" type="MERGED" visible="True" />
                <Entity id="117" name="MERGED_15_RoundTable_002/Metal_SUS_0" longname="" type="MERGED" visible="True" />
                <Entity id="96" name="MERGED_15_TB002/TB002_01_0" longname="" type="MERGED" visible="True" />
                <Entity id="97" name="MERGED_15_TB002/TB002_02_0" longname="" type="MERGED" visible="True" />
                <Entity id="102" name="MERGED_15_TB007-A/TB007-A_01_0" longname="" type="MERGED" visible="True" />
                <Entity id="103" name="MERGED_15_TB007-A/TB007-A_02_0" longname="" type="MERGED" visible="True" />
                <Entity id="125" name="MERGED_15_TB007/mat_00015_0" longname="" type="MERGED" visible="True" />
                <Entity id="124" name="MERGED_15_TB007/mat_00018_0" longname="" type="MERGED" visible="True" />
                <Entity id="86" name="MERGED_15_TB009/TB009_0" longname="" type="MERGED" visible="True" />
                <Entity id="126" name="MERGED_15_Table_005/Table_005_01_0" longname="" type="MERGED" visible="True" />
                <Entity id="127" name="MERGED_15_Table_005/Table_005_02_0" longname="" type="MERGED" visible="True" />
                <Entity id="128" name="MERGED_15_Table_005/Table_005_03_0" longname="" type="MERGED" visible="True" />
                <Entity id="129" name="MERGED_15_Table_005/Table_005_04_0" longname="" type="MERGED" visible="True" />
                <Entity id="130" name="MERGED_15_Table_005/Table_005_05_0" longname="" type="MERGED" visible="True" />
                <Entity id="101" name="MERGED_15_cctv_t07cctv_t07_0" longname="" type="MERGED" visible="True" />
                <Entity id="123" name="MERGED_15_sofa202seater/sofa202seater11_0" longname="" type="MERGED" visible="True" />
            </Entity>
            <Entity id="16" name="16F" type="Floor" longname="1769435507">
                <Entity id="30" name="MERGED_16_LIBENT0_0" longname="" type="MERGED" visible="True" />
                <Entity id="29" name="MERGED_16_LIBENT10_0" longname="" type="MERGED" visible="True" />
                <Entity id="28" name="MERGED_16_LIBENT11_0" longname="" type="MERGED" visible="True" />
                <Entity id="31" name="MERGED_16_LIBENT12_0" longname="" type="MERGED" visible="True" />
                <Entity id="24" name="MERGED_16_LIBENT1_0" longname="" type="MERGED" visible="True" />
                <Entity id="27" name="MERGED_16_LIBENT26_0" longname="" type="MERGED" visible="True" />
                <Entity id="23" name="MERGED_16_LIBENT2_0" longname="" type="MERGED" visible="True" />
                <Entity id="25" name="MERGED_16_LIBENT35_0" longname="" type="MERGED" visible="True" />
                <Entity id="26" name="MERGED_16_LIBENT3_0" longname="" type="MERGED" visible="True" />
                <Entity id="33" name="MERGED_16_LIBENT4_0" longname="" type="MERGED" visible="True" />
                <Entity id="34" name="MERGED_16_LIBENT5_0" longname="" type="MERGED" visible="True" />
                <Entity id="35" name="MERGED_16_LIBENT7_0" longname="" type="MERGED" visible="True" />
                <Entity id="32" name="MERGED_16_LIBENT9_0" longname="" type="MERGED" visible="True" />
            </Entity>
            <Entity id="17" name="17F" type="Floor" longname="111423391">
                <Entity id="30" name="MERGED_17_LIBENT0_0" longname="" type="MERGED" visible="True" />
                <Entity id="29" name="MERGED_17_LIBENT10_0" longname="" type="MERGED" visible="True" />
                <Entity id="28" name="MERGED_17_LIBENT11_0" longname="" type="MERGED" visible="True" />
                <Entity id="31" name="MERGED_17_LIBENT12_0" longname="" type="MERGED" visible="True" />
                <Entity id="24" name="MERGED_17_LIBENT1_0" longname="" type="MERGED" visible="True" />
                <Entity id="27" name="MERGED_17_LIBENT26_0" longname="" type="MERGED" visible="True" />
                <Entity id="25" name="MERGED_17_LIBENT2_0" longname="" type="MERGED" visible="True" />
                <Entity id="23" name="MERGED_17_LIBENT35_0" longname="" type="MERGED" visible="True" />
                <Entity id="26" name="MERGED_17_LIBENT3_0" longname="" type="MERGED" visible="True" />
                <Entity id="33" name="MERGED_17_LIBENT4_0" longname="" type="MERGED" visible="True" />
                <Entity id="34" name="MERGED_17_LIBENT5_0" longname="" type="MERGED" visible="True" />
                <Entity id="35" name="MERGED_17_LIBENT7_0" longname="" type="MERGED" visible="True" />
                <Entity id="32" name="MERGED_17_LIBENT9_0" longname="" type="MERGED" visible="True" />
            </Entity>
            <Entity id="18" name="18F" type="Floor" longname="1482354473">
                <Entity id="30" name="MERGED_18_LIBENT0_0" longname="" type="MERGED" visible="True" />
                <Entity id="29" name="MERGED_18_LIBENT10_0" longname="" type="MERGED" visible="True" />
                <Entity id="28" name="MERGED_18_LIBENT11_0" longname="" type="MERGED" visible="True" />
                <Entity id="31" name="MERGED_18_LIBENT12_0" longname="" type="MERGED" visible="True" />
                <Entity id="23" name="MERGED_18_LIBENT1_0" longname="" type="MERGED" visible="True" />
                <Entity id="27" name="MERGED_18_LIBENT26_0" longname="" type="MERGED" visible="True" />
                <Entity id="25" name="MERGED_18_LIBENT2_0" longname="" type="MERGED" visible="True" />
                <Entity id="24" name="MERGED_18_LIBENT35_0" longname="" type="MERGED" visible="True" />
                <Entity id="26" name="MERGED_18_LIBENT3_0" longname="" type="MERGED" visible="True" />
                <Entity id="33" name="MERGED_18_LIBENT4_0" longname="" type="MERGED" visible="True" />
                <Entity id="34" name="MERGED_18_LIBENT5_0" longname="" type="MERGED" visible="True" />
                <Entity id="35" name="MERGED_18_LIBENT7_0" longname="" type="MERGED" visible="True" />
                <Entity id="32" name="MERGED_18_LIBENT9_0" longname="" type="MERGED" visible="True" />
            </Entity>
            <Entity id="19" name="19F" type="Floor" longname="2072790818">
                <Entity id="30" name="MERGED_19_LIBENT0_0" longname="" type="MERGED" visible="True" />
                <Entity id="29" name="MERGED_19_LIBENT10_0" longname="" type="MERGED" visible="True" />
                <Entity id="28" name="MERGED_19_LIBENT11_0" longname="" type="MERGED" visible="True" />
                <Entity id="31" name="MERGED_19_LIBENT12_0" longname="" type="MERGED" visible="True" />
                <Entity id="25" name="MERGED_19_LIBENT1_0" longname="" type="MERGED" visible="True" />
                <Entity id="27" name="MERGED_19_LIBENT26_0" longname="" type="MERGED" visible="True" />
                <Entity id="26" name="MERGED_19_LIBENT2_0" longname="" type="MERGED" visible="True" />
                <Entity id="24" name="MERGED_19_LIBENT35_0" longname="" type="MERGED" visible="True" />
                <Entity id="23" name="MERGED_19_LIBENT3_0" longname="" type="MERGED" visible="True" />
                <Entity id="33" name="MERGED_19_LIBENT4_0" longname="" type="MERGED" visible="True" />
                <Entity id="34" name="MERGED_19_LIBENT5_0" longname="" type="MERGED" visible="True" />
                <Entity id="35" name="MERGED_19_LIBENT7_0" longname="" type="MERGED" visible="True" />
                <Entity id="32" name="MERGED_19_LIBENT9_0" longname="" type="MERGED" visible="True" />
            </Entity>
            <Entity id="20" name="20F" type="Floor" longname="627886687">
                <Entity id="29" name="MERGED_20_LIBENT0_0" longname="" type="MERGED" visible="True" />
                <Entity id="28" name="MERGED_20_LIBENT10_0" longname="" type="MERGED" visible="True" />
                <Entity id="27" name="MERGED_20_LIBENT11_0" longname="" type="MERGED" visible="True" />
                <Entity id="30" name="MERGED_20_LIBENT12_0" longname="" type="MERGED" visible="True" />
                <Entity id="24" name="MERGED_20_LIBENT1_0" longname="" type="MERGED" visible="True" />
                <Entity id="35" name="MERGED_20_LIBENT24_0" longname="" type="MERGED" visible="True" />
                <Entity id="36" name="MERGED_20_LIBENT26_0" longname="" type="MERGED" visible="True" />
                <Entity id="23" name="MERGED_20_LIBENT2_0" longname="" type="MERGED" visible="True" />
                <Entity id="25" name="MERGED_20_LIBENT35_0" longname="" type="MERGED" visible="True" />
                <Entity id="26" name="MERGED_20_LIBENT3_0" longname="" type="MERGED" visible="True" />
                <Entity id="32" name="MERGED_20_LIBENT4_0" longname="" type="MERGED" visible="True" />
                <Entity id="33" name="MERGED_20_LIBENT5_0" longname="" type="MERGED" visible="True" />
                <Entity id="34" name="MERGED_20_LIBENT7_0" longname="" type="MERGED" visible="True" />
                <Entity id="31" name="MERGED_20_LIBENT9_0" longname="" type="MERGED" visible="True" />
            </Entity>
            <Entity id="21" name="21F" type="Floor" longname="1323589989">
                <Entity id="29" name="MERGED_21_LIBENT0_0" longname="" type="MERGED" visible="True" />
                <Entity id="28" name="MERGED_21_LIBENT10_0" longname="" type="MERGED" visible="True" />
                <Entity id="27" name="MERGED_21_LIBENT11_0" longname="" type="MERGED" visible="True" />
                <Entity id="30" name="MERGED_21_LIBENT12_0" longname="" type="MERGED" visible="True" />
                <Entity id="24" name="MERGED_21_LIBENT1_0" longname="" type="MERGED" visible="True" />
                <Entity id="25" name="MERGED_21_LIBENT2_0" longname="" type="MERGED" visible="True" />
                <Entity id="23" name="MERGED_21_LIBENT35_0" longname="" type="MERGED" visible="True" />
                <Entity id="26" name="MERGED_21_LIBENT3_0" longname="" type="MERGED" visible="True" />
                <Entity id="32" name="MERGED_21_LIBENT4_0" longname="" type="MERGED" visible="True" />
                <Entity id="33" name="MERGED_21_LIBENT5_0" longname="" type="MERGED" visible="True" />
                <Entity id="34" name="MERGED_21_LIBENT7_0" longname="" type="MERGED" visible="True" />
                <Entity id="31" name="MERGED_21_LIBENT9_0" longname="" type="MERGED" visible="True" />
            </Entity>
            <Entity id="22" name="22F" type="Floor" longname="973893569">
                <Entity id="28" name="MERGED_22_LIBENT0_0" longname="" type="MERGED" visible="True" />
                <Entity id="27" name="MERGED_22_LIBENT10_0" longname="" type="MERGED" visible="True" />
                <Entity id="29" name="MERGED_22_LIBENT12_0" longname="" type="MERGED" visible="True" />
                <Entity id="26" name="MERGED_22_LIBENT1_0" longname="" type="MERGED" visible="True" />
                <Entity id="31" name="MERGED_22_LIBENT23_0" longname="" type="MERGED" visible="True" />
                <Entity id="32" name="MERGED_22_LIBENT24_0" longname="" type="MERGED" visible="True" />
                <Entity id="33" name="MERGED_22_LIBENT27_0" longname="" type="MERGED" visible="True" />
                <Entity id="25" name="MERGED_22_LIBENT2_0" longname="" type="MERGED" visible="True" />
                <Entity id="24" name="MERGED_22_LIBENT35_0" longname="" type="MERGED" visible="True" />
                <Entity id="23" name="MERGED_22_LIBENT3_0" longname="" type="MERGED" visible="True" />
                <Entity id="34" name="MERGED_22_LIBENT7_0" longname="" type="MERGED" visible="True" />
                <Entity id="30" name="MERGED_22_LIBENT9_0" longname="" type="MERGED" visible="True" />
            </Entity>
        </ObjectHierarchy>
    </Building>
</Project>
